{
	"class_name" : "PinholeCameraParameters",
	"extrinsic" : 
	[
		0.99382353390315392,
		0.10763476332845665,
		0.02701002005689809,
		0.0,
		-0.11042546303394099,
		0.93506285114526555,
		0.33684370488674248,
		0.0,
		0.011000026090271085,
		-0.33774579513491243,
		0.94117308572583991,
		0.0,
		2.1189898433708634,
		2.3032346869025604,
		-2.0038137239909375,
		1.0
	],
	"intrinsic" : 
	{
		"height" : 1061,
		"intrinsic_matrix" : 
		[
			918.85295341528945,
			0.0,
			0.0,
			0.0,
			918.85295341528945,
			0.0,
			959.5,
			530.0,
			1.0
		],
		"width" : 1920
	},
	"version_major" : 1,
	"version_minor" : 0
}