{
	"class_name" : "PinholeCameraParameters",
	"extrinsic" : 
	[
		-0.17800649720915057,
		-0.24911648531698999,
		0.95197408772226499,
		0.0,
		0.66201632225626106,
		-0.74607611613871805,
		-0.071448009025168194,
		0.0,
		0.72804400692377325,
		0.6175041746180151,
		0.29772557550822021,
		0.0,
		-47.902474778097478,
		-34.734723190246946,
		8.5866764190414742,
		1.0
	],
	"intrinsic" : 
	{
		"height" : 1061,
		"intrinsic_matrix" : 
		[
			918.85295341528945,
			0.0,
			0.0,
			0.0,
			918.85295341528945,
			0.0,
			959.5,
			530.0,
			1.0
		],
		"width" : 1920
	},
	"version_major" : 1,
	"version_minor" : 0
}