{
	"class_name" : "PinholeCameraParameters",
	"extrinsic" : 
	[
		-0.98781663759802463,
		0.087757250109288726,
		-0.12851830818131912,
		0.0,
		-0.065409822310687538,
		-0.98347698204534584,
		-0.16880337950486363,
		0.0,
		-0.14120851826223887,
		-0.15834042705586743,
		0.97723511169520949,
		0.0,
		0,
		0,
		0,
		1.0
	],
	"intrinsic" : 
	{
		"height" : 1061,
		"intrinsic_matrix" : 
		[
			918.85295341528945,
			0.0,
			0.0,
			0.0,
			918.85295341528945,
			0.0,
			959.5,
			530.0,
			1.0
		],
		"width" : 1920
	},
	"version_major" : 1,
	"version_minor" : 0
}