{
	"class_name" : "PinholeCameraParameters",
	"extrinsic" : 
	[
		-0.76860894499365828,
		0.12110656635044853,
		-0.62815084912984087,
		0.0,
		-0.059322571508399785,
		-0.99117914833429788,
		-0.1185104569940002,
		0.0,
		-0.63696241818914756,
		-0.053824673655307777,
		0.76901351244339866,
		0.0,
		1.0665915702478319,
		0.27054553190288921,
		2.0666965076068795,
		1.0
	],
	"intrinsic" : 
	{
		"height" : 1080,
		"intrinsic_matrix" : 
		[
			935.30743608719376,
			0.0,
			0.0,
			0.0,
			935.30743608719376,
			0.0,
			959.5,
			539.5,
			1.0
		],
		"width" : 1920
	},
	"version_major" : 1,
	"version_minor" : 0
}