{"azimuth": {"n": [2303.0, 2418.0, 2331.0, 2276.0, 2145.0, 2162.0, 2083.0, 2212.0, 2222.0, 2235.0, 2231.0, 2514.0, 2367.0, 2645.0, 2515.0, 2750.0, 2753.0, 2903.0, 3190.0, 3245.0, 3449.0, 3533.0, 3506.0, 3455.0, 3256.0, 3315.0, 3469.0, 4020.0, 4132.0, 4448.0, 4856.0, 5320.0, 6127.0, 7007.0, 7818.0, 7926.0, 7751.0, 8126.0, 8013.0, 6944.0, 6146.0, 5330.0, 4777.0, 4728.0, 4590.0, 4383.0, 4242.0, 4266.0, 4145.0, 3728.0, 3668.0, 3762.0, 3677.0, 3638.0, 3633.0, 3905.0, 4511.0, 4677.0, 5324.0, 5984.0, 6935.0, 8064.0, 9035.0, 9266.0, 8705.0, 8223.0, 7248.0, 6448.0, 5949.0, 5619.0, 4808.0, 4425.0, 4118.0, 3968.0, 3673.0, 3590.0, 3212.0, 3121.0, 2711.0, 2589.0, 2536.0, 2510.0, 2352.0, 2465.0, 2475.0, 2563.0, 2578.0, 2689.0, 2537.0, 2391.0, 2437.0, 2316.0, 2393.0, 2357.0, 2251.0, 2398.0, 2453.0, 2274.0, 2226.0, 2305.0], "bins": [-1.5707885472691254, -1.5393727714651575, -1.5079569956611896, -1.4765412198572216, -1.4451254440532537, -1.413709668249286, -1.3822938924453179, -1.3508781166413502, -1.3194623408373822, -1.2880465650334143, -1.2566307892294464, -1.2252150134254784, -1.1937992376215105, -1.1623834618175426, -1.1309676860135747, -1.0995519102096067, -1.068136134405639, -1.0367203586016709, -1.0053045827977032, -0.9738888069937353, -0.9424730311897673, -0.9110572553857994, -0.8796414795818315, -0.8482257037778635, -0.8168099279738956, -0.7853941521699278, -0.7539783763659599, -0.722562600561992, -0.691146824758024, -0.6597310489540561, -0.6283152731500883, -0.5968994973461204, -0.5654837215421524, -0.5340679457381845, -0.5026521699342166, -0.47123639413024865, -0.4398206183262807, -0.4084048425223128, -0.3769890667183451, -0.34557329091437716, -0.31415751511040924, -0.2827417393064413, -0.2513259635024734, -0.21991018769850545, -0.18849441189453753, -0.1570786360905696, -0.12566286028660167, -0.09424708448263375, -0.06283130867866582, -0.031415532874698116, 2.429292698113983e-07, 0.03141601873323774, 0.06283179453720567, 0.09424757034117359, 0.12566334614514152, 0.15707912194910945, 0.18849489775307737, 0.2199106735570453, 0.2513264493610132, 0.28274222516498093, 0.31415800096894886, 0.3455737767729168, 0.3769895525768847, 0.40840532838085264, 0.43982110418482057, 0.47123687998878827, 0.5026526557927564, 0.5340684315967241, 0.5654842074006923, 0.59689998320466, 0.6283157590086281, 0.6597315348125958, 0.691147310616564, 0.7225630864205317, 0.7539788622244998, 0.7853946380284675, 0.8168104138324352, 0.8482261896364034, 0.8796419654403711, 0.9110577412443392, 0.942473517048307, 0.9738892928522751, 1.0053050686562428, 1.036720844460211, 1.0681366202641787, 1.0995523960681468, 1.1309681718721145, 1.1623839476760822, 1.1937997234800504, 1.225215499284018, 1.2566312750879862, 1.288047050891954, 1.319462826695922, 1.3508786024998898, 1.382294378303858, 1.4137101541078256, 1.4451259299117938, 1.4765417057157615, 1.5079574815197292, 1.5393732573236973, 1.5707890331276655]}, "elevation": {"n": [7.0, 4.0, 12.0, 14.0, 46.0, 65.0, 73.0, 121.0, 179.0, 120.0, 239.0, 305.0, 440.0, 479.0, 442.0, 341.0, 471.0, 474.0, 463.0, 592.0, 605.0, 654.0, 887.0, 848.0, 772.0, 849.0, 996.0, 1114.0, 1404.0, 1693.0, 1800.0, 1848.0, 2014.0, 2002.0, 2037.0, 2063.0, 2119.0, 1987.0, 2126.0, 2374.0, 2516.0, 2755.0, 2652.0, 2791.0, 3772.0, 4754.0, 5839.0, 7639.0, 9382.0, 11307.0, 13147.0, 15630.0, 17083.0, 19349.0, 22319.0, 25171.0, 27247.0, 25270.0, 21317.0, 17801.0, 14511.0, 12147.0, 10375.0, 8601.0, 7133.0, 5850.0, 4940.0, 4595.0, 3765.0, 2839.0, 2670.0, 2812.0, 2389.0, 2252.0, 2029.0, 1972.0, 2268.0, 2535.0, 2192.0, 2126.0, 2045.0, 2062.0, 1821.0, 1677.0, 1490.0, 1288.0, 1041.0, 754.0, 624.0, 560.0, 302.0, 218.0, 168.0, 129.0, 131.0, 68.0, 40.0, 23.0, 20.0, 16.0], "bins": [-1.5395464606109195, -1.508478990569824, -1.4774115205287282, -1.4463440504876326, -1.415276580446537, -1.3842091104054415, -1.3531416403643457, -1.3220741703232501, -1.2910067002821546, -1.2599392302410588, -1.2288717601999632, -1.1978042901588677, -1.1667368201177721, -1.1356693500766764, -1.1046018800355808, -1.0735344099944852, -1.0424669399533895, -1.011399469912294, -0.9803319998711983, -0.9492645298301027, -0.9181970597890071, -0.8871295897479115, -0.8560621197068159, -0.8249946496657202, -0.7939271796246246, -0.762859709583529, -0.7317922395424333, -0.7007247695013378, -0.6696572994602421, -0.6385898294191465, -0.6075223593780509, -0.5764548893369553, -0.5453874192958597, -0.5143199492547641, -0.4832524792136683, -0.45218500917257276, -0.4211175391314772, -0.39005006909038165, -0.35898259904928587, -0.3279151290081903, -0.29684765896709475, -0.265780188925999, -0.23471271888490342, -0.20364524884380786, -0.1725777788027123, -0.14151030876161652, -0.11044283872052096, -0.0793753686794254, -0.04830789863832963, -0.01724042859723407, 0.013827041443861487, 0.044894511484957045, 0.07596198152605282, 0.10702945156714838, 0.13809692160824394, 0.1691643916493395, 0.20023186169043528, 0.23129933173153083, 0.2623668017726264, 0.29343427181372217, 0.3245017418548177, 0.3555692118959133, 0.38663668193700884, 0.4177041519781046, 0.4487716220192002, 0.47983909206029574, 0.5109065621013913, 0.5419740321424869, 0.5730415021835829, 0.6041089722246784, 0.635176442265774, 0.6662439123068695, 0.6973113823479651, 0.7283788523890606, 0.7594463224301562, 0.7905137924712522, 0.8215812625123478, 0.8526487325534433, 0.8837162025945389, 0.9147836726356344, 0.94585114267673, 0.9769186127178255, 1.0079860827589215, 1.039053552800017, 1.0701210228411127, 1.1011884928822082, 1.1322559629233038, 1.1633234329643993, 1.1943909030054949, 1.2254583730465909, 1.2565258430876864, 1.287593313128782, 1.3186607831698776, 1.3497282532109731, 1.3807957232520687, 1.4118631932931642, 1.4429306633342602, 1.4739981333753558, 1.5050656034164513, 1.536133073457547, 1.5672005434986425]}}